{"payload":{"installed_packages":["absl-py==2.1.0","astunparse==1.6.3","attrs==23.2.0","certifi==2024.6.2","charset-normalizer==3.3.2","colorama==0.4.6","comet-ml==3.43.0","configobj==5.0.8","contourpy==1.2.1","cycler==0.12.1","dulwich==0.22.1","everett==3.1.0","filelock==3.14.0","flatbuffers==24.3.25","fonttools==4.53.0","fsspec==2024.5.0","gast==0.5.4","gitdb==4.0.11","gitpython==3.1.43","google-pasta==0.2.0","grpcio==1.64.0","h5py==3.11.0","idna==3.7","intel-openmp==2021.4.0","jinja2==3.1.4","jsonschema==4.22.0","jsonschema-specifications==2023.12.1","keras==3.3.3","kiwisolver==1.4.5","libclang==18.1.1","markdown==3.6","markdown-it-py==3.0.0","markupsafe==2.1.5","matplotlib==3.9.0","mdurl==0.1.2","mkl==2021.4.0","ml-dtypes==0.3.2","mpmath==1.3.0","namex==0.0.8","networkx==3.3","numpy==1.26.4","opencv-python==4.9.0.80","opt-einsum==3.3.0","optree==0.11.0","packaging==24.0","pandas==2.2.2","pillow==10.3.0","pip==24.0","protobuf==4.25.3","psutil==5.9.8","py-cpuinfo==9.0.0","pygments==2.18.0","pyparsing==3.1.2","python-box==6.1.0","python-dateutil==2.9.0.post0","pytz==2024.1","pyyaml==6.0.1","referencing==0.35.1","requests==2.32.3","requests-toolbelt==1.0.0","rich==13.7.1","rpds-py==0.18.1","scipy==1.13.1","seaborn==0.13.2","semantic-version==2.10.0","sentry-sdk==2.3.1","setuptools==70.0.0","simplejson==3.19.2","six==1.16.0","smmap==5.0.1","sympy==1.12.1","tbb==2021.12.0","tensorboard==2.16.2","tensorboard-data-server==0.7.2","tensorflow==2.16.1","tensorflow-intel==2.16.1","termcolor==2.4.0","thop==0.1.1-2209072238","torch==2.3.0","torchaudio==2.3.0","torchvision==0.18.0","tqdm==4.66.4","typing_extensions==4.12.1","tzdata==2024.1","ultralytics==8.2.27","urllib3==2.2.1","werkzeug==3.0.3","wheel==0.43.0","wrapt==1.16.0","wurlitzer==3.1.0"],"message_id":1},"type":"installed_packages"}
{"payload":{"command":["train.py","--img","640","--batch","16","--epochs","100","--data","data.yaml","--weights","yolov5s.pt"],"env":null,"hostname":"DESKTOP-6FPULOR","ip":"192.168.1.56","machine":"AMD64","message_id":2,"os":"Windows-10-10.0.19045-SP0","os_release":"10","os_type":"Windows","pid":24728,"processor":"AMD64 Family 25 Model 33 Stepping 2, AuthenticAMD","python_exe":"C:\\Users\\Efe\\AppData\\Local\\Programs\\Python\\Python312\\python.exe","python_version":"3.12.3","python_version_verbose":"3.12.3 (tags/v3.12.3:f6650f9, Apr  9 2024, 14:05:25) [MSC v.1938 64 bit (AMD64)]","user":"Efe"},"type":"system_details"}
{"payload":{"gpu_static_info":[{"gpu_index":0,"name":"NVIDIA GeForce RTX 4070 Ti","power_limit":285000,"total_memory":12878610432,"uuid":"GPU-5530682c-aeac-6b49-a38c-c9d737e635aa"}],"message_id":3},"type":"gpu_static_info"}
{"payload":{"local_timestamp":1717332420421,"message_id":4,"metric":{"epoch":null,"metricName":"sys.gpu.0.total_memory","metricValue":12878610432,"step":null}},"type":"metric_msg"}
{"payload":{"local_timestamp":1717332420422,"message_id":5,"param":{"paramName":"img","paramValue":640,"source":"cli","step":null}},"type":"parameter_msg"}
{"payload":{"local_timestamp":1717332420422,"message_id":6,"param":{"paramName":"batch","paramValue":16,"source":"cli","step":null}},"type":"parameter_msg"}
{"payload":{"local_timestamp":1717332420422,"message_id":7,"param":{"paramName":"epochs","paramValue":100,"source":"cli","step":null}},"type":"parameter_msg"}
{"payload":{"local_timestamp":1717332420422,"message_id":8,"param":{"paramName":"data","paramValue":"data.yaml","source":"cli","step":null}},"type":"parameter_msg"}
{"payload":{"local_timestamp":1717332420422,"message_id":9,"param":{"paramName":"weights","paramValue":"yolov5s.pt","source":"cli","step":null}},"type":"parameter_msg"}
{"payload":{"key":"offline_experiment","message_id":10,"value":true},"type":"log_other"}
{"payload":{"key":"Name","message_id":11,"value":"exp"},"type":"log_other"}
{"payload":{"local_timestamp":1717332420424,"message_id":12,"metric":{"epoch":null,"metricName":"sys.gpu.0.gpu_utilization","metricValue":1,"step":null}},"type":"metric_msg"}
{"payload":{"local_timestamp":1717332420424,"message_id":13,"metric":{"epoch":null,"metricName":"sys.gpu.0.power_usage","metricValue":19179,"step":null}},"type":"metric_msg"}
{"payload":{"local_timestamp":1717332420424,"message_id":14,"metric":{"epoch":null,"metricName":"sys.gpu.0.temperature","metricValue":40,"step":null}},"type":"metric_msg"}
{"payload":{"local_timestamp":1717332420424,"message_id":15,"metric":{"epoch":null,"metricName":"sys.gpu.0.memory_utilization","metricValue":22,"step":null}},"type":"metric_msg"}
{"payload":{"local_timestamp":1717332420424,"message_id":16,"metric":{"epoch":null,"metricName":"sys.gpu.0.free_memory","metricValue":11129978880,"step":null}},"type":"metric_msg"}
{"payload":{"local_timestamp":1717332420424,"message_id":17,"metric":{"epoch":null,"metricName":"sys.gpu.0.used_memory","metricValue":1748631552,"step":null}},"type":"metric_msg"}
{"payload":{"local_timestamp":1717332420424,"message_id":18,"metric":{"epoch":null,"metricName":"sys.gpu.0.percent.used_memory","metricValue":13.577796775769418,"step":null}},"type":"metric_msg"}
{"payload":{"additional_params":{"assetId":"1113af513f1d42f486ab942b6a6c0aa8","context":null,"extension":"yaml","fileName":"data.yaml","overwrite":false,"runId":null,"step":null},"clean":true,"file_path":"tmpk26rvcqd","local_timestamp":1717332420425,"message_id":19,"metadata":{"type":"data-config-file"},"upload_type":"asset"},"type":"file_upload"}
{"payload":{"local_timestamp":1717332420429,"message_id":20,"output":"\nDataset not found , missing paths ['C:\\\\Users\\\\Efe\\\\Documents\\\\GitHub\\\\helmet-detection\\\\yolov5\\\\dataset\\\\images\\\\val']\n","stderr":true},"type":"standard_output"}
{"payload":{"local_timestamp":1717332420430,"message_id":21,"output":"Traceback (most recent call last):\n","stderr":true},"type":"standard_output"}
{"payload":{"local_timestamp":1717332420430,"message_id":22,"output":"  File \"C:\\Users\\Efe\\Documents\\GitHub\\helmet-detection\\yolov5\\train.py\", line 848, in <module>\n","stderr":true},"type":"standard_output"}
{"payload":{"local_timestamp":1717332420431,"message_id":23,"output":"    ","stderr":true},"type":"standard_output"}
{"payload":{"local_timestamp":1717332420431,"message_id":24,"output":"main(opt)","stderr":true},"type":"standard_output"}
{"payload":{"local_timestamp":1717332420431,"message_id":25,"output":"\n","stderr":true},"type":"standard_output"}
{"payload":{"local_timestamp":1717332420431,"message_id":26,"output":"  File \"C:\\Users\\Efe\\Documents\\GitHub\\helmet-detection\\yolov5\\train.py\", line 623, in main\n","stderr":true},"type":"standard_output"}
{"payload":{"local_timestamp":1717332420433,"message_id":27,"output":"    ","stderr":true},"type":"standard_output"}
{"payload":{"local_timestamp":1717332420433,"message_id":28,"output":"train(opt.hyp, opt, device, callbacks)","stderr":true},"type":"standard_output"}
{"payload":{"local_timestamp":1717332420433,"message_id":29,"output":"\n","stderr":true},"type":"standard_output"}
{"payload":{"local_timestamp":1717332420434,"message_id":30,"output":"  File \"C:\\Users\\Efe\\Documents\\GitHub\\helmet-detection\\yolov5\\train.py\", line 153, in train\n","stderr":true},"type":"standard_output"}
{"payload":{"local_timestamp":1717332420434,"message_id":31,"output":"    ","stderr":true},"type":"standard_output"}
{"payload":{"local_timestamp":1717332420434,"message_id":32,"output":"loggers = Loggers(","stderr":true},"type":"standard_output"}
{"payload":{"local_timestamp":1717332420434,"message_id":33,"output":"\n","stderr":true},"type":"standard_output"}
{"payload":{"local_timestamp":1717332420434,"message_id":34,"output":" ","stderr":true},"type":"standard_output"}
{"payload":{"local_timestamp":1717332420434,"message_id":35,"output":" ","stderr":true},"type":"standard_output"}
{"payload":{"local_timestamp":1717332420434,"message_id":36,"output":" ","stderr":true},"type":"standard_output"}
{"payload":{"local_timestamp":1717332420434,"message_id":37,"output":" ","stderr":true},"type":"standard_output"}
{"payload":{"local_timestamp":1717332420434,"message_id":38,"output":" ","stderr":true},"type":"standard_output"}
{"payload":{"local_timestamp":1717332420434,"message_id":39,"output":" ","stderr":true},"type":"standard_output"}
{"payload":{"local_timestamp":1717332420434,"message_id":40,"output":" ","stderr":true},"type":"standard_output"}
{"payload":{"local_timestamp":1717332420434,"message_id":41,"output":" ","stderr":true},"type":"standard_output"}
{"payload":{"local_timestamp":1717332420434,"message_id":42,"output":" ","stderr":true},"type":"standard_output"}
{"payload":{"local_timestamp":1717332420434,"message_id":43,"output":" ","stderr":true},"type":"standard_output"}
{"payload":{"local_timestamp":1717332420434,"message_id":44,"output":" ","stderr":true},"type":"standard_output"}
{"payload":{"local_timestamp":1717332420434,"message_id":45,"output":" ","stderr":true},"type":"standard_output"}
{"payload":{"local_timestamp":1717332420434,"message_id":46,"output":" ","stderr":true},"type":"standard_output"}
{"payload":{"local_timestamp":1717332420434,"message_id":47,"output":" ","stderr":true},"type":"standard_output"}
{"payload":{"local_timestamp":1717332420434,"message_id":48,"output":"^","stderr":true},"type":"standard_output"}
{"payload":{"local_timestamp":1717332420434,"message_id":49,"output":"^","stderr":true},"type":"standard_output"}
{"payload":{"local_timestamp":1717332420434,"message_id":50,"output":"^","stderr":true},"type":"standard_output"}
{"payload":{"local_timestamp":1717332420434,"message_id":51,"output":"^","stderr":true},"type":"standard_output"}
{"payload":{"local_timestamp":1717332420434,"message_id":52,"output":"^","stderr":true},"type":"standard_output"}
{"payload":{"local_timestamp":1717332420434,"message_id":53,"output":"^","stderr":true},"type":"standard_output"}
{"payload":{"local_timestamp":1717332420434,"message_id":54,"output":"^","stderr":true},"type":"standard_output"}
{"payload":{"local_timestamp":1717332420434,"message_id":55,"output":"^","stderr":true},"type":"standard_output"}
{"payload":{"local_timestamp":1717332420434,"message_id":56,"output":"\n","stderr":true},"type":"standard_output"}
{"payload":{"local_timestamp":1717332420435,"message_id":57,"output":"  File \"C:\\Users\\Efe\\Documents\\GitHub\\helmet-detection\\yolov5\\utils\\loggers\\__init__.py\", line 148, in __init__\n","stderr":true},"type":"standard_output"}
{"payload":{"local_timestamp":1717332420436,"message_id":58,"output":"    ","stderr":true},"type":"standard_output"}
{"payload":{"local_timestamp":1717332420436,"message_id":59,"output":"self.comet_logger = CometLogger(self.opt, self.hyp)","stderr":true},"type":"standard_output"}
{"payload":{"local_timestamp":1717332420436,"message_id":60,"output":"\n","stderr":true},"type":"standard_output"}
{"payload":{"local_timestamp":1717332420436,"message_id":61,"output":" ","stderr":true},"type":"standard_output"}
{"payload":{"local_timestamp":1717332420436,"message_id":62,"output":" ","stderr":true},"type":"standard_output"}
{"payload":{"local_timestamp":1717332420436,"message_id":63,"output":" ","stderr":true},"type":"standard_output"}
{"payload":{"local_timestamp":1717332420436,"message_id":64,"output":" ","stderr":true},"type":"standard_output"}
{"payload":{"local_timestamp":1717332420436,"message_id":65,"output":" ","stderr":true},"type":"standard_output"}
{"payload":{"local_timestamp":1717332420436,"message_id":66,"output":" ","stderr":true},"type":"standard_output"}
{"payload":{"local_timestamp":1717332420436,"message_id":67,"output":" ","stderr":true},"type":"standard_output"}
{"payload":{"local_timestamp":1717332420436,"message_id":68,"output":" ","stderr":true},"type":"standard_output"}
{"payload":{"local_timestamp":1717332420436,"message_id":69,"output":" ","stderr":true},"type":"standard_output"}
{"payload":{"local_timestamp":1717332420436,"message_id":70,"output":" ","stderr":true},"type":"standard_output"}
{"payload":{"local_timestamp":1717332420436,"message_id":71,"output":" ","stderr":true},"type":"standard_output"}
{"payload":{"local_timestamp":1717332420436,"message_id":72,"output":" ","stderr":true},"type":"standard_output"}
{"payload":{"local_timestamp":1717332420436,"message_id":73,"output":" ","stderr":true},"type":"standard_output"}
{"payload":{"local_timestamp":1717332420436,"message_id":74,"output":" ","stderr":true},"type":"standard_output"}
{"payload":{"local_timestamp":1717332420436,"message_id":75,"output":" ","stderr":true},"type":"standard_output"}
{"payload":{"local_timestamp":1717332420436,"message_id":76,"output":" ","stderr":true},"type":"standard_output"}
{"payload":{"local_timestamp":1717332420436,"message_id":77,"output":" ","stderr":true},"type":"standard_output"}
{"payload":{"local_timestamp":1717332420436,"message_id":78,"output":" ","stderr":true},"type":"standard_output"}
{"payload":{"local_timestamp":1717332420436,"message_id":79,"output":" ","stderr":true},"type":"standard_output"}
{"payload":{"local_timestamp":1717332420436,"message_id":80,"output":" ","stderr":true},"type":"standard_output"}
{"payload":{"local_timestamp":1717332420436,"message_id":81,"output":" ","stderr":true},"type":"standard_output"}
{"payload":{"local_timestamp":1717332420436,"message_id":82,"output":" ","stderr":true},"type":"standard_output"}
{"payload":{"local_timestamp":1717332420436,"message_id":83,"output":" ","stderr":true},"type":"standard_output"}
{"payload":{"local_timestamp":1717332420436,"message_id":84,"output":" ","stderr":true},"type":"standard_output"}
{"payload":{"local_timestamp":1717332420436,"message_id":85,"output":"^","stderr":true},"type":"standard_output"}
{"payload":{"local_timestamp":1717332420436,"message_id":86,"output":"^","stderr":true},"type":"standard_output"}
{"payload":{"local_timestamp":1717332420436,"message_id":87,"output":"^","stderr":true},"type":"standard_output"}
{"payload":{"local_timestamp":1717332420436,"message_id":88,"output":"^","stderr":true},"type":"standard_output"}
{"payload":{"local_timestamp":1717332420436,"message_id":89,"output":"^","stderr":true},"type":"standard_output"}
{"payload":{"local_timestamp":1717332420436,"message_id":90,"output":"^","stderr":true},"type":"standard_output"}
{"payload":{"local_timestamp":1717332420436,"message_id":91,"output":"^","stderr":true},"type":"standard_output"}
{"payload":{"local_timestamp":1717332420436,"message_id":92,"output":"^","stderr":true},"type":"standard_output"}
{"payload":{"local_timestamp":1717332420436,"message_id":93,"output":"^","stderr":true},"type":"standard_output"}
{"payload":{"local_timestamp":1717332420436,"message_id":94,"output":"^","stderr":true},"type":"standard_output"}
{"payload":{"local_timestamp":1717332420436,"message_id":95,"output":"^","stderr":true},"type":"standard_output"}
{"payload":{"local_timestamp":1717332420436,"message_id":96,"output":"^","stderr":true},"type":"standard_output"}
{"payload":{"local_timestamp":1717332420436,"message_id":97,"output":"^","stderr":true},"type":"standard_output"}
{"payload":{"local_timestamp":1717332420436,"message_id":98,"output":"^","stderr":true},"type":"standard_output"}
{"payload":{"local_timestamp":1717332420436,"message_id":99,"output":"^","stderr":true},"type":"standard_output"}
{"payload":{"local_timestamp":1717332420436,"message_id":100,"output":"^","stderr":true},"type":"standard_output"}
{"payload":{"local_timestamp":1717332420436,"message_id":101,"output":"^","stderr":true},"type":"standard_output"}
{"payload":{"local_timestamp":1717332420436,"message_id":102,"output":"^","stderr":true},"type":"standard_output"}
{"payload":{"local_timestamp":1717332420436,"message_id":103,"output":"^","stderr":true},"type":"standard_output"}
{"payload":{"local_timestamp":1717332420436,"message_id":104,"output":"^","stderr":true},"type":"standard_output"}
{"payload":{"local_timestamp":1717332420436,"message_id":105,"output":"^","stderr":true},"type":"standard_output"}
{"payload":{"local_timestamp":1717332420436,"message_id":106,"output":"^","stderr":true},"type":"standard_output"}
{"payload":{"local_timestamp":1717332420436,"message_id":107,"output":"^","stderr":true},"type":"standard_output"}
{"payload":{"local_timestamp":1717332420436,"message_id":108,"output":"^","stderr":true},"type":"standard_output"}
{"payload":{"local_timestamp":1717332420436,"message_id":109,"output":"^","stderr":true},"type":"standard_output"}
{"payload":{"local_timestamp":1717332420436,"message_id":110,"output":"^","stderr":true},"type":"standard_output"}
{"payload":{"local_timestamp":1717332420436,"message_id":111,"output":"^","stderr":true},"type":"standard_output"}
{"payload":{"local_timestamp":1717332420436,"message_id":112,"output":"^","stderr":true},"type":"standard_output"}
{"payload":{"local_timestamp":1717332420436,"message_id":113,"output":"^","stderr":true},"type":"standard_output"}
{"payload":{"local_timestamp":1717332420436,"message_id":114,"output":"^","stderr":true},"type":"standard_output"}
{"payload":{"local_timestamp":1717332420436,"message_id":115,"output":"^","stderr":true},"type":"standard_output"}
{"payload":{"local_timestamp":1717332420436,"message_id":116,"output":"\n","stderr":true},"type":"standard_output"}
{"payload":{"local_timestamp":1717332420437,"message_id":117,"output":"  File \"C:\\Users\\Efe\\Documents\\GitHub\\helmet-detection\\yolov5\\utils\\loggers\\comet\\__init__.py\", line 97, in __init__\n","stderr":true},"type":"standard_output"}
{"payload":{"local_timestamp":1717332420437,"message_id":118,"output":"    ","stderr":true},"type":"standard_output"}
{"payload":{"local_timestamp":1717332420437,"message_id":119,"output":"self.data_dict = self.check_dataset(self.opt.data)","stderr":true},"type":"standard_output"}
{"payload":{"local_timestamp":1717332420437,"message_id":120,"output":"\n","stderr":true},"type":"standard_output"}
{"payload":{"local_timestamp":1717332420437,"message_id":121,"output":" ","stderr":true},"type":"standard_output"}
{"payload":{"local_timestamp":1717332420437,"message_id":122,"output":" ","stderr":true},"type":"standard_output"}
{"payload":{"local_timestamp":1717332420437,"message_id":123,"output":" ","stderr":true},"type":"standard_output"}
{"payload":{"local_timestamp":1717332420437,"message_id":124,"output":" ","stderr":true},"type":"standard_output"}
{"payload":{"local_timestamp":1717332420437,"message_id":125,"output":" ","stderr":true},"type":"standard_output"}
{"payload":{"local_timestamp":1717332420437,"message_id":126,"output":" ","stderr":true},"type":"standard_output"}
{"payload":{"local_timestamp":1717332420437,"message_id":127,"output":" ","stderr":true},"type":"standard_output"}
{"payload":{"local_timestamp":1717332420437,"message_id":128,"output":" ","stderr":true},"type":"standard_output"}
{"payload":{"local_timestamp":1717332420437,"message_id":129,"output":" ","stderr":true},"type":"standard_output"}
{"payload":{"local_timestamp":1717332420437,"message_id":130,"output":" ","stderr":true},"type":"standard_output"}
{"payload":{"local_timestamp":1717332420437,"message_id":131,"output":" ","stderr":true},"type":"standard_output"}
{"payload":{"local_timestamp":1717332420437,"message_id":132,"output":" ","stderr":true},"type":"standard_output"}
{"payload":{"local_timestamp":1717332420437,"message_id":133,"output":" ","stderr":true},"type":"standard_output"}
{"payload":{"local_timestamp":1717332420437,"message_id":134,"output":" ","stderr":true},"type":"standard_output"}
{"payload":{"local_timestamp":1717332420437,"message_id":135,"output":" ","stderr":true},"type":"standard_output"}
{"payload":{"local_timestamp":1717332420437,"message_id":136,"output":" ","stderr":true},"type":"standard_output"}
{"payload":{"local_timestamp":1717332420437,"message_id":137,"output":" ","stderr":true},"type":"standard_output"}
{"payload":{"local_timestamp":1717332420437,"message_id":138,"output":" ","stderr":true},"type":"standard_output"}
{"payload":{"local_timestamp":1717332420437,"message_id":139,"output":" ","stderr":true},"type":"standard_output"}
{"payload":{"local_timestamp":1717332420437,"message_id":140,"output":" ","stderr":true},"type":"standard_output"}
{"payload":{"local_timestamp":1717332420437,"message_id":141,"output":" ","stderr":true},"type":"standard_output"}
{"payload":{"local_timestamp":1717332420437,"message_id":142,"output":"^","stderr":true},"type":"standard_output"}
{"payload":{"local_timestamp":1717332420437,"message_id":143,"output":"^","stderr":true},"type":"standard_output"}
{"payload":{"local_timestamp":1717332420437,"message_id":144,"output":"^","stderr":true},"type":"standard_output"}
{"payload":{"local_timestamp":1717332420437,"message_id":145,"output":"^","stderr":true},"type":"standard_output"}
{"payload":{"local_timestamp":1717332420437,"message_id":146,"output":"^","stderr":true},"type":"standard_output"}
{"payload":{"local_timestamp":1717332420437,"message_id":147,"output":"^","stderr":true},"type":"standard_output"}
{"payload":{"local_timestamp":1717332420437,"message_id":148,"output":"^","stderr":true},"type":"standard_output"}
{"payload":{"local_timestamp":1717332420437,"message_id":149,"output":"^","stderr":true},"type":"standard_output"}
{"payload":{"local_timestamp":1717332420438,"message_id":150,"output":"^","stderr":true},"type":"standard_output"}
{"payload":{"local_timestamp":1717332420438,"message_id":151,"output":"^","stderr":true},"type":"standard_output"}
{"payload":{"local_timestamp":1717332420438,"message_id":152,"output":"^","stderr":true},"type":"standard_output"}
{"payload":{"local_timestamp":1717332420438,"message_id":153,"output":"^","stderr":true},"type":"standard_output"}
{"payload":{"local_timestamp":1717332420438,"message_id":154,"output":"^","stderr":true},"type":"standard_output"}
{"payload":{"local_timestamp":1717332420438,"message_id":155,"output":"^","stderr":true},"type":"standard_output"}
{"payload":{"local_timestamp":1717332420438,"message_id":156,"output":"^","stderr":true},"type":"standard_output"}
{"payload":{"local_timestamp":1717332420438,"message_id":157,"output":"^","stderr":true},"type":"standard_output"}
{"payload":{"local_timestamp":1717332420438,"message_id":158,"output":"^","stderr":true},"type":"standard_output"}
{"payload":{"local_timestamp":1717332420438,"message_id":159,"output":"^","stderr":true},"type":"standard_output"}
{"payload":{"local_timestamp":1717332420438,"message_id":160,"output":"^","stderr":true},"type":"standard_output"}
{"payload":{"local_timestamp":1717332420438,"message_id":161,"output":"^","stderr":true},"type":"standard_output"}
{"payload":{"local_timestamp":1717332420438,"message_id":162,"output":"^","stderr":true},"type":"standard_output"}
{"payload":{"local_timestamp":1717332420438,"message_id":163,"output":"^","stderr":true},"type":"standard_output"}
{"payload":{"local_timestamp":1717332420438,"message_id":164,"output":"^","stderr":true},"type":"standard_output"}
{"payload":{"local_timestamp":1717332420438,"message_id":165,"output":"^","stderr":true},"type":"standard_output"}
{"payload":{"local_timestamp":1717332420438,"message_id":166,"output":"^","stderr":true},"type":"standard_output"}
{"payload":{"local_timestamp":1717332420438,"message_id":167,"output":"^","stderr":true},"type":"standard_output"}
{"payload":{"local_timestamp":1717332420438,"message_id":168,"output":"^","stderr":true},"type":"standard_output"}
{"payload":{"local_timestamp":1717332420438,"message_id":169,"output":"^","stderr":true},"type":"standard_output"}
{"payload":{"local_timestamp":1717332420438,"message_id":170,"output":"^","stderr":true},"type":"standard_output"}
{"payload":{"local_timestamp":1717332420438,"message_id":171,"output":"^","stderr":true},"type":"standard_output"}
{"payload":{"local_timestamp":1717332420438,"message_id":172,"output":"^","stderr":true},"type":"standard_output"}
{"payload":{"local_timestamp":1717332420438,"message_id":173,"output":"^","stderr":true},"type":"standard_output"}
{"payload":{"local_timestamp":1717332420438,"message_id":174,"output":"^","stderr":true},"type":"standard_output"}
{"payload":{"local_timestamp":1717332420438,"message_id":175,"output":"\n","stderr":true},"type":"standard_output"}
{"payload":{"local_timestamp":1717332420438,"message_id":176,"output":"  File \"C:\\Users\\Efe\\Documents\\GitHub\\helmet-detection\\yolov5\\utils\\loggers\\comet\\__init__.py\", line 255, in check_dataset\n","stderr":true},"type":"standard_output"}
{"payload":{"local_timestamp":1717332420439,"message_id":177,"output":"    ","stderr":true},"type":"standard_output"}
{"payload":{"local_timestamp":1717332420439,"message_id":178,"output":"return check_dataset(data_file)","stderr":true},"type":"standard_output"}
{"payload":{"local_timestamp":1717332420439,"message_id":179,"output":"\n","stderr":true},"type":"standard_output"}
{"payload":{"local_timestamp":1717332420439,"message_id":180,"output":" ","stderr":true},"type":"standard_output"}
{"payload":{"local_timestamp":1717332420439,"message_id":181,"output":" ","stderr":true},"type":"standard_output"}
{"payload":{"local_timestamp":1717332420439,"message_id":182,"output":" ","stderr":true},"type":"standard_output"}
{"payload":{"local_timestamp":1717332420439,"message_id":183,"output":" ","stderr":true},"type":"standard_output"}
{"payload":{"local_timestamp":1717332420439,"message_id":184,"output":" ","stderr":true},"type":"standard_output"}
{"payload":{"local_timestamp":1717332420439,"message_id":185,"output":" ","stderr":true},"type":"standard_output"}
{"payload":{"local_timestamp":1717332420439,"message_id":186,"output":" ","stderr":true},"type":"standard_output"}
{"payload":{"local_timestamp":1717332420439,"message_id":187,"output":" ","stderr":true},"type":"standard_output"}
{"payload":{"local_timestamp":1717332420439,"message_id":188,"output":" ","stderr":true},"type":"standard_output"}
{"payload":{"local_timestamp":1717332420439,"message_id":189,"output":" ","stderr":true},"type":"standard_output"}
{"payload":{"local_timestamp":1717332420439,"message_id":190,"output":" ","stderr":true},"type":"standard_output"}
{"payload":{"local_timestamp":1717332420439,"message_id":191,"output":"^","stderr":true},"type":"standard_output"}
{"payload":{"local_timestamp":1717332420439,"message_id":192,"output":"^","stderr":true},"type":"standard_output"}
{"payload":{"local_timestamp":1717332420439,"message_id":193,"output":"^","stderr":true},"type":"standard_output"}
{"payload":{"local_timestamp":1717332420439,"message_id":194,"output":"^","stderr":true},"type":"standard_output"}
{"payload":{"local_timestamp":1717332420439,"message_id":195,"output":"^","stderr":true},"type":"standard_output"}
{"payload":{"local_timestamp":1717332420439,"message_id":196,"output":"^","stderr":true},"type":"standard_output"}
{"payload":{"local_timestamp":1717332420439,"message_id":197,"output":"^","stderr":true},"type":"standard_output"}
{"payload":{"local_timestamp":1717332420439,"message_id":198,"output":"^","stderr":true},"type":"standard_output"}
{"payload":{"local_timestamp":1717332420439,"message_id":199,"output":"^","stderr":true},"type":"standard_output"}
{"payload":{"local_timestamp":1717332420439,"message_id":200,"output":"^","stderr":true},"type":"standard_output"}
{"payload":{"local_timestamp":1717332420439,"message_id":201,"output":"^","stderr":true},"type":"standard_output"}
{"payload":{"local_timestamp":1717332420439,"message_id":202,"output":"^","stderr":true},"type":"standard_output"}
{"payload":{"local_timestamp":1717332420439,"message_id":203,"output":"^","stderr":true},"type":"standard_output"}
{"payload":{"local_timestamp":1717332420439,"message_id":204,"output":"^","stderr":true},"type":"standard_output"}
{"payload":{"local_timestamp":1717332420439,"message_id":205,"output":"^","stderr":true},"type":"standard_output"}
{"payload":{"local_timestamp":1717332420439,"message_id":206,"output":"^","stderr":true},"type":"standard_output"}
{"payload":{"local_timestamp":1717332420439,"message_id":207,"output":"^","stderr":true},"type":"standard_output"}
{"payload":{"local_timestamp":1717332420439,"message_id":208,"output":"^","stderr":true},"type":"standard_output"}
{"payload":{"local_timestamp":1717332420439,"message_id":209,"output":"^","stderr":true},"type":"standard_output"}
{"payload":{"local_timestamp":1717332420439,"message_id":210,"output":"^","stderr":true},"type":"standard_output"}
{"payload":{"local_timestamp":1717332420439,"message_id":211,"output":"^","stderr":true},"type":"standard_output"}
{"payload":{"local_timestamp":1717332420439,"message_id":212,"output":"^","stderr":true},"type":"standard_output"}
{"payload":{"local_timestamp":1717332420439,"message_id":213,"output":"^","stderr":true},"type":"standard_output"}
{"payload":{"local_timestamp":1717332420439,"message_id":214,"output":"^","stderr":true},"type":"standard_output"}
{"payload":{"local_timestamp":1717332420440,"message_id":215,"output":"\n","stderr":true},"type":"standard_output"}
{"payload":{"local_timestamp":1717332420440,"message_id":216,"output":"  File \"C:\\Users\\Efe\\Documents\\GitHub\\helmet-detection\\yolov5\\utils\\general.py\", line 563, in check_dataset\n","stderr":true},"type":"standard_output"}
{"payload":{"local_timestamp":1717332420442,"message_id":217,"output":"    ","stderr":true},"type":"standard_output"}
{"payload":{"local_timestamp":1717332420442,"message_id":218,"output":"raise Exception(\"Dataset not found \u274c\")","stderr":true},"type":"standard_output"}
{"payload":{"local_timestamp":1717332420442,"message_id":219,"output":"\n","stderr":true},"type":"standard_output"}
{"payload":{"local_timestamp":1717332420442,"message_id":220,"output":"Exception","stderr":true},"type":"standard_output"}
{"payload":{"local_timestamp":1717332420442,"message_id":221,"output":": ","stderr":true},"type":"standard_output"}
{"payload":{"local_timestamp":1717332420442,"message_id":222,"output":"Dataset not found \u274c","stderr":true},"type":"standard_output"}
{"payload":{"local_timestamp":1717332420442,"message_id":223,"output":"\n","stderr":true},"type":"standard_output"}
{"payload":{"git_metadata":{"branch":"refs/heads/main","origin":"https://github.com/efenlbnt/helmet-detection.git","parent":"36d7dfdcb003b9af18f132aba5383e9c96e205b2","repo_name":"helmet-detection","root":"36f739f193b43c80252fdf6c4b5f60c6062da201","status":null,"user":"efenlbnt"},"message_id":224},"type":"git_metadata"}
{"payload":{"local_timestamp":1717332420462,"message_id":225,"output":"\u001b[1;38;5;39mCOMET INFO:\u001b[0m ---------------------------------------------------------------------------------------\n","stderr":true},"type":"standard_output"}
{"payload":{"local_timestamp":1717332420462,"message_id":226,"output":"\u001b[1;38;5;39mCOMET INFO:\u001b[0m Comet.ml OfflineExperiment Summary\n","stderr":true},"type":"standard_output"}
{"payload":{"local_timestamp":1717332420462,"message_id":227,"output":"\u001b[1;38;5;39mCOMET INFO:\u001b[0m ---------------------------------------------------------------------------------------\n","stderr":true},"type":"standard_output"}
{"payload":{"local_timestamp":1717332420462,"message_id":228,"output":"\u001b[1;38;5;39mCOMET INFO:\u001b[0m   Data:\n","stderr":true},"type":"standard_output"}
{"payload":{"local_timestamp":1717332420463,"message_id":229,"output":"\u001b[1;38;5;39mCOMET INFO:\u001b[0m     display_summary_level : 1\n","stderr":true},"type":"standard_output"}
{"payload":{"local_timestamp":1717332420463,"message_id":230,"output":"\u001b[1;38;5;39mCOMET INFO:\u001b[0m     name                  : exp\n","stderr":true},"type":"standard_output"}
{"payload":{"local_timestamp":1717332420463,"message_id":231,"output":"\u001b[1;38;5;39mCOMET INFO:\u001b[0m     url                   : [OfflineExperiment will get URL after upload]\n","stderr":true},"type":"standard_output"}
{"payload":{"local_timestamp":1717332420463,"message_id":232,"output":"\u001b[1;38;5;39mCOMET INFO:\u001b[0m   Others:\n","stderr":true},"type":"standard_output"}
{"payload":{"local_timestamp":1717332420463,"message_id":233,"output":"\u001b[1;38;5;39mCOMET INFO:\u001b[0m     Name               : exp\n","stderr":true},"type":"standard_output"}
{"payload":{"local_timestamp":1717332420464,"message_id":234,"output":"\u001b[1;38;5;39mCOMET INFO:\u001b[0m     offline_experiment : True\n","stderr":true},"type":"standard_output"}
{"payload":{"local_timestamp":1717332420464,"message_id":235,"output":"\u001b[1;38;5;39mCOMET INFO:\u001b[0m   Uploads:\n","stderr":true},"type":"standard_output"}
{"payload":{"local_timestamp":1717332420464,"message_id":236,"output":"\u001b[1;38;5;39mCOMET INFO:\u001b[0m     asset               : 1 (95 bytes)\n","stderr":true},"type":"standard_output"}
{"payload":{"local_timestamp":1717332420464,"message_id":237,"output":"\u001b[1;38;5;39mCOMET INFO:\u001b[0m     environment details : 1\n","stderr":true},"type":"standard_output"}
{"payload":{"local_timestamp":1717332420464,"message_id":238,"output":"\u001b[1;38;5;39mCOMET INFO:\u001b[0m     git metadata        : 1\n","stderr":true},"type":"standard_output"}
{"payload":{"local_timestamp":1717332420465,"message_id":239,"output":"\u001b[1;38;5;39mCOMET INFO:\u001b[0m     installed packages  : 1\n","stderr":true},"type":"standard_output"}
{"payload":{"local_timestamp":1717332420465,"message_id":240,"output":"\u001b[1;38;5;39mCOMET INFO:\u001b[0m \n","stderr":true},"type":"standard_output"}
{"payload":{"local_timestamp":1717332420621,"message_id":241,"metric":{"epoch":null,"metricName":"sys.cpu.percent.avg","metricValue":0.0,"step":null}},"type":"metric_msg"}
{"payload":{"local_timestamp":1717332420622,"message_id":242,"metric":{"epoch":null,"metricName":"sys.ram.total","metricValue":34240614400,"step":null}},"type":"metric_msg"}
{"payload":{"local_timestamp":1717332420622,"message_id":243,"metric":{"epoch":null,"metricName":"sys.ram.used","metricValue":11080417280,"step":null}},"type":"metric_msg"}
{"payload":{"local_timestamp":1717332420622,"message_id":244,"metric":{"epoch":null,"metricName":"sys.ram.available","metricValue":23160197120,"step":null}},"type":"metric_msg"}
{"payload":{"local_timestamp":1717332420622,"message_id":245,"metric":{"epoch":null,"metricName":"sys.ram.percent.used","metricValue":32.4,"step":null}},"type":"metric_msg"}
{"payload":{"local_timestamp":1717332420622,"message_id":246,"metric":{"epoch":null,"metricName":"sys.load.avg","metricValue":0.0,"step":null}},"type":"metric_msg"}
